decade,popularity
1900,18.25
1970,20.26
1980,18.096774193548388
1990,17.398373983739837
2000,12.304597701149426
2010,17.558441558441558
2020,21.31159420289855
